-- phpMyAdmin SQL Dump
-- version 5.0.2
-- https://www.phpmyadmin.net/
--
-- Host: 127.0.0.1:3306
-- Tempo de geração: 12-Out-2022 às 22:35
-- Versão do servidor: 5.7.31
-- versão do PHP: 7.3.21

SET SQL_MODE = "NO_AUTO_VALUE_ON_ZERO";
START TRANSACTION;
SET time_zone = "+00:00";


/*!40101 SET @OLD_CHARACTER_SET_CLIENT=@@CHARACTER_SET_CLIENT */;
/*!40101 SET @OLD_CHARACTER_SET_RESULTS=@@CHARACTER_SET_RESULTS */;
/*!40101 SET @OLD_COLLATION_CONNECTION=@@COLLATION_CONNECTION */;
/*!40101 SET NAMES utf8mb4 */;

--
-- Banco de dados: `mydb`
--

--
-- Extraindo dados da tabela `cadastro`
--

INSERT INTO `cadastro` (`CadastroId`, `Nome`, `TipoCadastro`, `Cpf`, `NumeroTelefone`, `NumeroCelular`, `NumeroCep`, `CidadeId`, `NumeroEndereco`, `Endereco`, `BairroEndereco`, `Complemento`, `Mensalista`) VALUES
(1, 'Antônio da Silva', NULL, '08173646090', '488577886', NULL, NULL, NULL, NULL, NULL, NULL, NULL, NULL),
(2, 'Jose de Sousa', NULL, '11129047008', '4885778687', NULL, NULL, NULL, NULL, NULL, NULL, NULL, NULL),
(3, 'Maria da Rosa', NULL, '99872556040', '488857758', NULL, NULL, NULL, NULL, NULL, NULL, NULL, NULL),
(4, 'Rafaela Melo', NULL, '48319254035', '4899999999', NULL, NULL, NULL, NULL, NULL, NULL, NULL, NULL),
(5, 'Kaique Cardoso', NULL, '00912808004', '4899999999', NULL, NULL, NULL, NULL, NULL, NULL, NULL, NULL),
(6, 'Lara Carvalho', NULL, '95824899010', '4899999999', NULL, NULL, NULL, NULL, NULL, NULL, NULL, NULL),
(7, 'João Vitor Sales', NULL, '48453375097', '4899999999', NULL, NULL, NULL, NULL, NULL, NULL, NULL, NULL),
(8, 'Maria Clara Carvalho', NULL, '21526701081', '4899999999', NULL, NULL, NULL, NULL, NULL, NULL, NULL, NULL),
(9, 'Yuri Pires', NULL, '96570326015', '4899999999', NULL, NULL, NULL, NULL, NULL, NULL, NULL, NULL),
(10, 'Calebe Barros', NULL, '91757673091', '4899999999', NULL, NULL, NULL, NULL, NULL, NULL, NULL, NULL),
(11, 'Alana Pereira', NULL, '23569146090', '4899999999', NULL, NULL, NULL, NULL, NULL, NULL, NULL, NULL),
(12, 'Mirella Cardoso', NULL, '69923362078', '4899999999', NULL, NULL, NULL, NULL, NULL, NULL, NULL, NULL),
(13, 'Enrico Cardoso', NULL, '55028489068', '4899999999', NULL, NULL, NULL, NULL, NULL, NULL, NULL, NULL),
(14, 'Lucas Cunha', NULL, '26962337051', '4899999999', NULL, NULL, NULL, NULL, NULL, NULL, NULL, NULL),
(15, 'Calebe Rodrigues', NULL, '04248796031', '4899999999', NULL, NULL, NULL, NULL, NULL, NULL, NULL, NULL),
(16, 'Alexia Monteiro', NULL, '93790494046', '4899999999', NULL, NULL, NULL, NULL, NULL, NULL, NULL, NULL),
(17, 'Luiz Carvalho', NULL, '61961057018', '4899999999', NULL, NULL, NULL, NULL, NULL, NULL, NULL, NULL),
(18, 'Nicole Azevedo', NULL, '86330521050', '4899999999', NULL, NULL, NULL, NULL, NULL, NULL, NULL, NULL);

--
-- Extraindo dados da tabela `carteira`
--

INSERT INTO `carteira` (`CarteiraId`, `CadastroId`, `EmpresaId`, `TipoCartao`, `NumeroCartao`, `NomeCartao`, `DataExpiracaoCartao`, `CodigoSegurancaoCartao`, `CodigoPix`, `Status`) VALUES
(1, NULL, 4, 'C', '4544533434534545', 'TESTE', '072025', '345', NULL, 'A'),
(2, NULL, 1, 'D', '4343434443434343', 'TESTE CARTÃO', '022024', '443', NULL, 'A'),
(3, NULL, 2, 'C', '5645464556564456', 'teste', '072023', '654', NULL, 'A');

--
-- Extraindo dados da tabela `cidade`
--

INSERT INTO `cidade` (`CidadeId`, `NomeCidade`, `Estado`) VALUES
(1, 'Águas de Chapecó', 'SC'),
(2, 'Águas Frias', 'SC'),
(3, 'Águas Mornas', 'SC'),
(4, 'Alfredo Wagner', 'SC'),
(5, 'Alto Bela Vista', 'SC'),
(6, 'Anchieta', 'SC'),
(7, 'Angelina', 'SC'),
(8, 'Anita Garibaldi', 'SC'),
(9, 'Anitápolis', 'SC'),
(10, 'Antônio Carlos', 'SC'),
(11, 'Apiúna', 'SC'),
(12, 'Arabutã', 'SC'),
(13, 'Araquari', 'SC'),
(14, 'Araranguá', 'SC'),
(15, 'Armazém', 'SC'),
(16, 'Arroio Trinta', 'SC'),
(17, 'Arvoredo', 'SC'),
(18, 'Ascurra', 'SC'),
(19, 'Atalanta', 'SC'),
(20, 'Aurora', 'SC'),
(21, 'Balneário Arroio do Silva', 'SC'),
(22, 'Balneário Barra do Sul', 'SC'),
(23, 'Balneário Camboriú', 'SC'),
(24, 'Balneário Gaivota', 'SC'),
(25, 'Bandeirante', 'SC'),
(26, 'Barra Bonita', 'SC'),
(27, 'Barra Velha', 'SC'),
(28, 'Bela Vista do Toldo', 'SC'),
(29, 'Belmonte', 'SC'),
(30, 'Benedito Novo', 'SC'),
(31, 'Biguaçu', 'SC'),
(32, 'Blumenau', 'SC'),
(33, 'Bocaina do Sul', 'SC'),
(34, 'Bom Jardim da Serra', 'SC'),
(35, 'Bom Jesus', 'SC'),
(36, 'Bom Jesus do Oeste', 'SC'),
(37, 'Bom Retiro', 'SC'),
(38, 'Bombinhas', 'SC'),
(39, 'Botuverá', 'SC'),
(40, 'Braço do Norte', 'SC'),
(41, 'Braço do Trombudo', 'SC'),
(42, 'Brunópolis', 'SC'),
(43, 'Brusque', 'SC'),
(44, 'Caçador', 'SC'),
(45, 'Caibi', 'SC'),
(46, 'Calmon', 'SC'),
(47, 'Camboriú', 'SC'),
(48, 'Campo Alegre', 'SC'),
(49, 'Campo Belo do Sul', 'SC'),
(50, 'Campo Erê', 'SC'),
(51, 'Campos Novos', 'SC'),
(52, 'Canelinha', 'SC'),
(53, 'Canoinhas', 'SC'),
(54, 'Capão Alto', 'SC'),
(55, 'Capinzal', 'SC'),
(56, 'Capivari de Baixo', 'SC'),
(57, 'Catanduvas', 'SC'),
(58, 'Caxambu do Sul', 'SC'),
(59, 'Celso Ramos', 'SC'),
(60, 'Cerro Negro', 'SC'),
(61, 'Chapadão do Lageado', 'SC'),
(62, 'Chapecó', 'SC'),
(63, 'Cocal do Sul', 'SC'),
(64, 'Concórdia', 'SC'),
(65, 'Cordilheira Alta', 'SC'),
(66, 'Coronel Freitas', 'SC'),
(67, 'Coronel Martins', 'SC'),
(68, 'Correia Pinto', 'SC'),
(69, 'Corupá', 'SC'),
(70, 'Criciúma', 'SC'),
(71, 'Cunha Porã', 'SC'),
(72, 'Cunhataí', 'SC'),
(73, 'Curitibanos', 'SC'),
(74, 'Descanso', 'SC'),
(75, 'Dionísio Cerqueira', 'SC'),
(76, 'Dona Emma', 'SC'),
(77, 'Doutor Pedrinho', 'SC'),
(78, 'Entre Rios', 'SC'),
(79, 'Ermo', 'SC'),
(80, 'Erval Velho', 'SC'),
(81, 'Faxinal dos Guedes', 'SC'),
(82, 'Flor do Sertão', 'SC'),
(83, 'Florianópolis', 'SC'),
(84, 'Formosa do Sul', 'SC'),
(85, 'Forquilhinha', 'SC'),
(86, 'Fraiburgo', 'SC'),
(87, 'Frei Rogério', 'SC'),
(88, 'Galvão', 'SC'),
(89, 'Garopaba', 'SC'),
(90, 'Garuva', 'SC'),
(91, 'Gaspar', 'SC'),
(92, 'Governador Celso Ramos', 'SC'),
(93, 'Grão Pará', 'SC'),
(94, 'Gravatal', 'SC'),
(95, 'Guabiruba', 'SC'),
(96, 'Guaraciaba', 'SC'),
(97, 'Guaramirim', 'SC'),
(98, 'Guarujá do Sul', 'SC'),
(99, 'Guatambú', 'SC'),
(100, 'Herval d`Oeste', 'SC'),
(101, 'Ibiam', 'SC'),
(102, 'Ibicaré', 'SC'),
(103, 'Ibirama', 'SC'),
(104, 'Içara', 'SC'),
(105, 'Ilhota', 'SC'),
(106, 'Imaruí', 'SC'),
(107, 'Imbituba', 'SC'),
(108, 'Imbuia', 'SC'),
(109, 'Indaial', 'SC'),
(110, 'Iomerê', 'SC'),
(111, 'Ipira', 'SC'),
(112, 'Iporã do Oeste', 'SC'),
(113, 'Ipuaçu', 'SC'),
(114, 'Ipumirim', 'SC'),
(115, 'Iraceminha', 'SC'),
(116, 'Irani', 'SC'),
(117, 'Irati', 'SC'),
(118, 'Irineópolis', 'SC'),
(119, 'Itá', 'SC'),
(120, 'Itaiópolis', 'SC'),
(121, 'Itajaí', 'SC'),
(122, 'Itapema', 'SC'),
(123, 'Itapiranga', 'SC'),
(124, 'Itapoá', 'SC'),
(125, 'Ituporanga', 'SC'),
(126, 'Jaborá', 'SC'),
(127, 'Jacinto Machado', 'SC'),
(128, 'Jaguaruna', 'SC'),
(129, 'Jaraguá do Sul', 'SC'),
(130, 'Jardinópolis', 'SC'),
(131, 'Joaçaba', 'SC'),
(132, 'Joinville', 'SC'),
(133, 'José Boiteux', 'SC'),
(134, 'Jupiá', 'SC'),
(135, 'Lacerdópolis', 'SC'),
(136, 'Lages', 'SC'),
(137, 'Laguna', 'SC'),
(138, 'Lajeado Grande', 'SC'),
(139, 'Laurentino', 'SC'),
(140, 'Lauro Muller', 'SC'),
(141, 'Lebon Régis', 'SC'),
(142, 'Leoberto Leal', 'SC'),
(143, 'Lindóia do Sul', 'SC'),
(144, 'Lontras', 'SC'),
(145, 'Luiz Alves', 'SC'),
(146, 'Luzerna', 'SC'),
(147, 'Macieira', 'SC'),
(148, 'Mafra', 'SC'),
(149, 'Major Gercino', 'SC'),
(150, 'Major Vieira', 'SC'),
(151, 'Maracajá', 'SC'),
(152, 'Maravilha', 'SC'),
(153, 'Marema', 'SC'),
(154, 'Massaranduba', 'SC'),
(155, 'Matos Costa', 'SC'),
(156, 'Meleiro', 'SC'),
(157, 'Mirim Doce', 'SC'),
(158, 'Modelo', 'SC'),
(159, 'Mondaí', 'SC'),
(160, 'Monte Carlo', 'SC'),
(161, 'Monte Castelo', 'SC'),
(162, 'Morro da Fumaça', 'SC'),
(163, 'Morro Grande', 'SC'),
(164, 'Navegantes', 'SC'),
(165, 'Nova Erechim', 'SC'),
(166, 'Nova Itaberaba', 'SC'),
(167, 'Nova Trento', 'SC'),
(168, 'Nova Veneza', 'SC'),
(169, 'Novo Horizonte', 'SC'),
(170, 'Orleans', 'SC'),
(171, 'Otacílio Costa', 'SC'),
(172, 'Ouro', 'SC'),
(173, 'Ouro Verde', 'SC'),
(174, 'Paial', 'SC'),
(175, 'Painel', 'SC'),
(176, 'Palhoça', 'SC'),
(177, 'Palma Sola', 'SC'),
(178, 'Palmeira', 'SC'),
(179, 'Palmitos', 'SC'),
(180, 'Papanduva', 'SC'),
(181, 'Paraíso', 'SC'),
(182, 'Passo de Torres', 'SC'),
(183, 'Passos Maia', 'SC'),
(184, 'Paulo Lopes', 'SC'),
(185, 'Pedras Grandes', 'SC'),
(186, 'Penha', 'SC'),
(187, 'Peritiba', 'SC'),
(188, 'Petrolândia', 'SC'),
(189, 'Piçarras', 'SC'),
(190, 'Pinhalzinho', 'SC'),
(191, 'Pinheiro Preto', 'SC'),
(192, 'Piratuba', 'SC'),
(193, 'Planalto Alegre', 'SC'),
(194, 'Pomerode', 'SC'),
(195, 'Ponte Alta', 'SC'),
(196, 'Ponte Alta do Norte', 'SC'),
(197, 'Ponte Serrada', 'SC'),
(198, 'Porto Belo', 'SC'),
(199, 'Porto União', 'SC'),
(200, 'Pouso Redondo', 'SC'),
(201, 'Praia Grande', 'SC'),
(202, 'Presidente Castelo Branco', 'SC'),
(203, 'Presidente Getúlio', 'SC'),
(204, 'Presidente Nereu', 'SC'),
(205, 'Princesa', 'SC'),
(206, 'Quilombo', 'SC'),
(207, 'Rancho Queimado', 'SC'),
(208, 'Rio das Antas', 'SC'),
(209, 'Rio do Campo', 'SC'),
(210, 'Rio do Oeste', 'SC'),
(211, 'Rio do Sul', 'SC'),
(212, 'Rio dos Cedros', 'SC'),
(213, 'Rio Fortuna', 'SC'),
(214, 'Rio Negrinho', 'SC'),
(215, 'Rio Rufino', 'SC'),
(216, 'Riqueza', 'SC'),
(217, 'Rodeio', 'SC'),
(218, 'Romelândia', 'SC'),
(219, 'Salete', 'SC'),
(220, 'Saltinho', 'SC'),
(221, 'Salto Veloso', 'SC'),
(222, 'Sangão', 'SC'),
(223, 'Santa Cecília', 'SC'),
(224, 'Santa Helena', 'SC'),
(225, 'Santa Rosa de Lima', 'SC'),
(226, 'Santa Rosa do Sul', 'SC'),
(227, 'Santa Terezinha', 'SC'),
(228, 'Santa Terezinha do Progresso', 'SC'),
(229, 'Santiago do Sul', 'SC'),
(230, 'Santo Amaro da Imperatriz', 'SC'),
(231, 'São Bento do Sul', 'SC'),
(232, 'São Bernardino', 'SC'),
(233, 'São Bonifácio', 'SC'),
(234, 'São Carlos', 'SC'),
(235, 'São Cristovão do Sul', 'SC'),
(236, 'São Domingos', 'SC'),
(237, 'São Francisco do Sul', 'SC'),
(238, 'São João Batista', 'SC'),
(239, 'São João do Itaperiú', 'SC'),
(240, 'São João do Oeste', 'SC'),
(241, 'São João do Sul', 'SC'),
(242, 'São Joaquim', 'SC'),
(243, 'São José', 'SC'),
(244, 'São José do Cedro', 'SC'),
(245, 'São José do Cerrito', 'SC'),
(246, 'São Lourenço do Oeste', 'SC'),
(247, 'São Ludgero', 'SC'),
(248, 'São Martinho', 'SC'),
(249, 'São Miguel da Boa Vista', 'SC'),
(250, 'São Miguel do Oeste', 'SC'),
(251, 'São Pedro de Alcântara', 'SC'),
(252, 'Saudades', 'SC'),
(253, 'Schroeder', 'SC'),
(254, 'Seara', 'SC'),
(255, 'Serra Alta', 'SC'),
(256, 'Siderópolis', 'SC'),
(257, 'Sombrio', 'SC'),
(258, 'Sul Brasil', 'SC'),
(259, 'Taió', 'SC'),
(260, 'Tangará', 'SC'),
(261, 'Tigrinhos', 'SC'),
(262, 'Tijucas', 'SC'),
(263, 'Timbé do Sul', 'SC'),
(264, 'Timbó', 'SC'),
(265, 'Timbó Grande', 'SC'),
(266, 'Três Barras', 'SC'),
(267, 'Treviso', 'SC'),
(268, 'Treze de Maio', 'SC'),
(269, 'Treze Tílias', 'SC'),
(270, 'Trombudo Central', 'SC'),
(271, 'Tubarão', 'SC'),
(272, 'Tunápolis', 'SC'),
(273, 'Turvo', 'SC'),
(274, 'União do Oeste', 'SC'),
(275, 'Urubici', 'SC'),
(276, 'Urupema', 'SC'),
(277, 'Urussanga', 'SC'),
(278, 'Vargeão', 'SC'),
(279, 'Vargem', 'SC'),
(280, 'Vargem Bonita', 'SC'),
(281, 'Vidal Ramos', 'SC'),
(282, 'Videira', 'SC'),
(283, 'Vitor Meireles', 'SC'),
(284, 'Witmarsum', 'SC'),
(285, 'Xanxerê', 'SC'),
(286, 'Xavantina', 'SC'),
(287, 'Xaxim', 'SC'),
(288, 'Zortéa', 'SC');

--
-- Extraindo dados da tabela `diasatendimento`
--

INSERT INTO `diasatendimento` (`DiasAtendimentoId`, `DescricaoDiasAtendimento`) VALUES
(1, 'Segunda à Sexta'),
(2, 'Segunda à Sábado'),
(3, 'Segunda à Domingo'),
(4, 'Finais d e semana e Feriados'),
(5, 'Segunda à Sábado exceto feriado.'),
(6, 'Segunda à Sexta exceto feriado.');

--
-- Extraindo dados da tabela `empresa`
--

INSERT INTO `empresa` (`EmpresaId`, `Nome`, `RazaoSocial`, `CpfCnpj`, `TipoEmpresa`, `Endereco`, `NumeroEndereco`, `Complemento`, `NumeroCep`, `CidadeId`, `BairroEndereco`, `UrlLogo`, `Sobre`, `NumeroTelefone1`, `NumeroTelefone2`, `Email`, `DataCadastro`) VALUES
(1, 'Rotativos João', 'Rotativos João', '67318259000156', 'J', NULL, NULL, NULL, NULL, NULL, NULL, NULL, NULL, NULL, NULL, NULL, '2022-07-22 12:10:54'),
(2, 'Aguiar Estacionamentos', 'Aguiar Estacionamentos', '74522886000170', 'J', NULL, NULL, NULL, NULL, NULL, NULL, NULL, NULL, NULL, NULL, NULL, '2022-08-20 22:55:04'),
(4, 'Zé Rotativos', 'Zé Rotativos', '90914664000159', 'J', NULL, NULL, NULL, NULL, NULL, NULL, NULL, NULL, NULL, NULL, NULL, '2022-07-22 12:33:39'),
(5, 'Maria Rotativos', 'Maria Rotativos', '41077828000125', 'J', NULL, NULL, NULL, NULL, NULL, NULL, NULL, NULL, NULL, NULL, NULL, '2022-09-30 17:07:29'),
(6, 'Luiz Rotativos', 'Luiz Rotativos', '19587477000143', 'J', NULL, NULL, NULL, NULL, NULL, NULL, NULL, NULL, NULL, NULL, NULL, '2022-10-10 00:58:11'),
(7, 'Rotativo Online', 'Rotativo Online', '41520140000178', 'J', 'R. Gonçalves Lêdo', '185', NULL, '88802120', 70, 'Centro', NULL, 'It is a long established fact that a reader will be distracted by the readable content of a page when looking at its layout. The point of using Lorem Ipsum is that it has a more-or-less normal distribution of letters, as opposed to using Content here, content here, making it look like readable English. Many desktop publishing packages and web page editors now use Lorem Ipsum as their default model text, and a search for lorem ipsum will uncover many web sites still in their infancy. Various versions have evolved over the years, sometimes by accident, sometimes on purpose (injected humour and the like).\n\nLorem Ipsum is simply dummy text of the printing and typesetting industry. Lorem Ipsum has been the industrys standard dummy text ever since the 1500s, when an unknown printer took a galley of type and scrambled it to make a type specimen book. It has survived not only five centuries, but also the leap into electronic typesetting, remaining essentially unchanged. It was popularised in the 1960s with the release of Letraset sheets containing Lorem Ipsum passages, and more recently with desktop publishing software like Aldus PageMaker including versions of Lorem Ipsum.', '48123456789', '48987654321', 'rotativoonline@gmail.com', '2022-10-12 15:21:15');

--
-- Extraindo dados da tabela `estacionamento`
--

INSERT INTO `estacionamento` (`EstacionamentoId`, `NomeEstacionamento`, `CpfCnpj`, `Endereco`, `NumeroEndereco`, `Complemento`, `NumeroCep`, `CidadeId`, `BairroEndereco`, `NumeroVagas`, `Sobre`, `NumeroTelefone1`, `NumeroTelefone2`, `Email`, `DiasAtendimentoId`, `precoLivre`, `PrecoHora`, `EmpresaId`, `DataCadastro`) VALUES
(1, 'Rotativos João (Cruzeiro do Sul)', '67318259000156', 'Rua Hercílio Luz', '100', NULL, '88811092', 70, 'Cruzeiro do Sul', '100', NULL, '48565456456', '48554456456', 'rotativos.joao@teste.com', NULL, '0.00', '0.00', 1, '2022-09-10 12:10:54'),
(2, 'Aguiar Estacionamentos', '74522886000170', 'Avenida Centenário', '100', NULL, '88815000', 70, 'Próspera', '50', NULL, '48999985557', '48755585757', 'aguiar.estacionamentos@teste.com', NULL, '10.00', '5.00', 2, '2022-09-15 22:55:04'),
(3, 'Rotativos João (Santa Bárbara)', '58409749000177', 'Rua Jerônimo Coelho', '100', NULL, '88804340', 70, 'Santa Bárbara', '100', NULL, '48455454545', NULL, 'rotativos.joao@teste.com', NULL, '10.00', '5.00', 1, '2022-09-22 12:18:29'),
(7, 'Zé Rotativos (Centro)', '90914664000159', 'Rua Coronel Marcos Rovaris', '100', NULL, '88801100', 70, 'Centro', '200', NULL, '4899775757', NULL, 'ze.rotativos@gmail.com', 3, '0.00', '5.00', 4, '2022-09-22 12:33:39'),
(8, 'Zé Rotativos (Próspera)', '90914664000159', 'Avenida Centenário', '100', NULL, '88815000', 70, 'Próspera', '150', NULL, '48775557575', NULL, 'ze.rotativos@gmail.com', 3, '8.00', '4.00', 4, '2022-09-22 12:38:41'),
(9, 'Maria Rotativos', '41077828000125', 'Avenida Centenário', '100', NULL, '88815000', 70, 'Próspera', '0', NULL, '48877878786', NULL, 'maria.rotativos@teste.com', NULL, NULL, NULL, 5, '2022-09-30 17:07:29'),
(10, 'Luiz Rotativos', '19587477000143', 'Rua São Miguel do Oeste', '100', NULL, '88815100', 70, 'Ceará', '0', NULL, '48555454545', '487878687', 'luiz.rotativos@gmail.com', 2, '12.00', '0.00', 6, '2022-10-10 00:58:11');

--
-- Extraindo dados da tabela `fluxovaga`
--

INSERT INTO `fluxovaga` (`FluxoVagaId`, `DataEntrada`, `DataSaida`, `HoraEntrada`, `HoraSaida`, `CadastroId`, `PlacaVeiculo`, `Observacao`, `EstacionamentoId`, `ReservaId`, `Status`) VALUES
(1, '2022-09-23', '2022-09-23', '14:30:00', '20:35:00', NULL, 'ABC1234', NULL, 8, NULL, 'F'),
(2, '2022-09-23', '2022-09-23', '16:00:00', '18:00:00', NULL, 'FGD5434', NULL, 7, NULL, 'F'),
(3, '2022-09-23', '2022-09-23', '19:00:00', '20:00:00', NULL, 'ASD3R32', NULL, 8, NULL, 'F'),
(4, '2022-09-23', '2022-09-23', '12:00:00', '16:00:00', NULL, 'GHJ7755', NULL, 7, NULL, 'F'),
(5, '2022-09-24', '2022-09-24', '10:00:00', '12:15:00', NULL, 'DHH1234', NULL, 7, NULL, 'F'),
(6, '2022-09-24', '2022-09-24', '11:21:00', '13:30:00', NULL, 'HEM2F53', NULL, 7, NULL, 'F'),
(7, '2022-09-24', '2022-09-24', '08:49:00', '10:00:00', NULL, 'CHF6N49', NULL, 7, NULL, 'F'),
(8, '2022-09-22', '2022-09-22', '12:33:00', '13:08:00', NULL, 'GHN6977', NULL, 7, NULL, 'F'),
(9, '2022-09-22', '2022-09-22', '12:19:00', '14:56:00', NULL, 'JHV7733', NULL, 7, NULL, 'F'),
(10, '2022-09-22', '2022-09-22', '08:14:00', '11:58:00', NULL, 'QGQ2355', NULL, 7, NULL, 'F'),
(11, '2022-09-22', '2022-09-22', '08:37:00', '12:21:00', NULL, 'CWL5K69', NULL, 7, NULL, 'F'),
(12, '2022-09-22', '2022-09-22', '17:45:00', '21:22:00', NULL, 'GQH8568', NULL, 7, NULL, 'F'),
(13, '2022-09-22', '2022-09-22', '14:03:00', '17:50:00', NULL, 'URT2888', NULL, 7, NULL, 'F'),
(14, '2022-09-22', '2022-09-22', '19:16:00', '20:03:00', NULL, 'SKQ8846', NULL, 7, NULL, 'F'),
(15, '2022-09-22', '2022-09-22', '10:06:00', '11:59:00', NULL, 'HFG8K82', NULL, 8, NULL, 'F'),
(16, '2022-09-21', '2022-09-21', '14:57:00', '21:12:00', NULL, 'ESP6962', NULL, 8, NULL, 'F'),
(17, '2022-09-21', '2022-09-21', '14:46:00', '19:16:00', NULL, 'YBM6841', NULL, 8, NULL, 'F'),
(18, '2022-09-21', '2022-09-21', '13:57:00', '16:42:00', NULL, 'IAO8J16', NULL, 8, NULL, 'F'),
(19, '2022-09-21', '2022-09-21', '19:19:00', '20:38:00', NULL, 'AVU1772', NULL, 8, NULL, 'F'),
(20, '2022-09-21', '2022-09-21', '16:12:00', '21:57:00', NULL, 'PWG7485', NULL, 8, NULL, 'F'),
(21, '2022-09-21', '2022-09-21', '16:36:00', '20:31:00', NULL, 'NJH3Y68', NULL, 8, NULL, 'F'),
(22, '2022-09-21', '2022-09-21', '09:31:00', '12:21:00', NULL, 'LVP7L46', NULL, 8, NULL, 'F'),
(23, '2022-09-21', '2022-09-21', '15:40:00', '21:54:00', NULL, 'RXS2321', NULL, 8, NULL, 'F'),
(24, '2022-09-21', '2022-09-21', '11:04:00', '19:07:00', NULL, 'ECW2574', NULL, 8, NULL, 'F'),
(25, '2022-09-21', '2022-09-21', '11:01:00', '13:03:00', NULL, 'WTN1J96', NULL, 8, NULL, 'F'),
(26, '2022-09-21', '2022-09-21', '16:48:00', '17:38:00', NULL, 'ZHW3M76', NULL, 8, NULL, 'F'),
(27, '2022-09-21', '2022-09-21', '17:13:00', '21:16:00', NULL, 'XLF7474', NULL, 8, NULL, 'F'),
(28, '2022-09-21', '2022-09-21', '10:28:00', '12:52:00', NULL, 'JXI1527', NULL, 8, NULL, 'F'),
(29, '2022-09-21', '2022-09-21', '17:37:00', '19:25:00', NULL, 'QXY4548', NULL, 8, NULL, 'F'),
(30, '2022-09-21', '2022-09-21', '11:59:00', '16:17:00', NULL, 'HXN2C12', NULL, 8, NULL, 'F'),
(31, '2022-09-21', '2022-09-21', '19:07:00', '21:34:00', NULL, 'CBC4332', NULL, 8, NULL, 'F'),
(32, '2022-09-21', '2022-09-21', '08:57:00', '10:02:00', NULL, 'CND2K83', NULL, 8, NULL, 'F'),
(33, '2022-09-21', '2022-09-21', '17:45:00', '18:49:00', NULL, 'RST5N88', NULL, 8, NULL, 'F'),
(34, '2022-09-21', '2022-09-21', '19:20:00', '21:17:00', NULL, 'GNZ8Q97', NULL, 8, NULL, 'F'),
(35, '2022-09-21', '2022-09-21', '12:05:00', '20:12:00', NULL, 'SOB3922', NULL, 8, NULL, 'F'),
(36, '2022-09-21', '2022-09-21', '17:33:00', '20:02:00', NULL, 'CLO2M79', NULL, 8, NULL, 'F'),
(37, '2022-09-21', '2022-09-21', '18:23:00', '20:13:00', NULL, 'NOA9C64', NULL, 8, NULL, 'F'),
(38, '2022-09-21', '2022-09-21', '13:36:00', '15:47:00', NULL, 'HDO1756', NULL, 8, NULL, 'F'),
(39, '2022-09-21', '2022-09-21', '08:35:00', '17:59:00', NULL, 'VJB5519', NULL, 8, NULL, 'F'),
(40, '2022-09-21', '2022-09-21', '17:44:00', '20:23:00', NULL, 'HTM7F18', NULL, 8, NULL, 'F'),
(41, '2022-09-21', '2022-09-21', '18:09:00', '20:57:00', NULL, 'AME4A62', NULL, 8, NULL, 'F'),
(42, '2022-09-21', '2022-09-21', '17:56:00', '20:35:00', NULL, 'JOB6885', NULL, 8, NULL, 'F'),
(43, '2022-09-21', '2022-09-21', '17:58:00', '20:03:00', NULL, 'TZG4I77', NULL, 8, NULL, 'F'),
(44, '2022-09-21', '2022-09-21', '13:15:00', '14:10:00', NULL, 'UJF6U86', NULL, 8, NULL, 'F'),
(45, '2022-09-21', '2022-09-21', '17:32:00', '20:18:00', NULL, 'DWU7T55', NULL, 8, NULL, 'F'),
(46, '2022-09-21', '2022-09-21', '18:38:00', '20:45:00', NULL, 'FMZ4P51', NULL, 8, NULL, 'F'),
(47, '2022-09-21', '2022-09-21', '14:42:00', '19:22:00', NULL, 'CDM6I17', NULL, 8, NULL, 'F'),
(48, '2022-09-21', '2022-09-21', '11:40:00', '19:47:00', NULL, 'RIO7643', NULL, 8, NULL, 'F'),
(49, '2022-09-21', '2022-09-21', '14:38:00', '15:19:00', NULL, 'VNV6M21', NULL, 8, NULL, 'F'),
(50, '2022-09-21', '2022-09-21', '09:22:00', '11:26:00', NULL, 'YMM1K11', NULL, 8, NULL, 'F'),
(51, '2022-09-21', '2022-09-21', '17:05:00', '18:45:00', NULL, 'IYA4E23', NULL, 8, NULL, 'F'),
(52, '2022-09-21', '2022-09-21', '18:57:00', '21:46:00', NULL, 'XJQ1214', NULL, 8, NULL, 'F'),
(53, '2022-09-21', '2022-09-21', '12:43:00', '20:12:00', NULL, 'UCF8T52', NULL, 8, NULL, 'F'),
(54, '2022-09-21', '2022-09-21', '11:14:00', '15:31:00', NULL, 'YAB1G56', NULL, 8, NULL, 'F'),
(55, '2022-09-21', '2022-09-21', '09:02:00', '11:15:00', NULL, 'LMB4442', NULL, 8, NULL, 'F'),
(56, '2022-09-21', '2022-09-21', '19:49:00', '20:13:00', NULL, 'DLM2J16', NULL, 8, NULL, 'F'),
(57, '2022-09-21', '2022-09-21', '13:16:00', '20:11:00', NULL, 'BBQ1V42', NULL, 8, NULL, 'F'),
(58, '2022-09-21', '2022-09-21', '09:40:00', '21:40:00', NULL, 'YPA1658', NULL, 8, NULL, 'F'),
(59, '2022-09-21', '2022-09-21', '17:52:00', '18:30:00', NULL, 'NHQ6G81', NULL, 8, NULL, 'F'),
(60, '2022-09-21', '2022-09-21', '14:41:00', '19:50:00', NULL, 'KXO9547', NULL, 8, NULL, 'F'),
(61, '2022-09-21', '2022-09-21', '10:48:00', '14:11:00', NULL, 'ATE2F73', NULL, 8, NULL, 'F'),
(62, '2022-09-21', '2022-09-21', '17:48:00', '21:25:00', NULL, 'JEX8S37', NULL, 8, NULL, 'F'),
(63, '2022-09-21', '2022-09-21', '13:07:00', '17:29:00', NULL, 'LLZ7Q65', NULL, 8, NULL, 'F'),
(64, '2022-09-21', '2022-09-21', '12:53:00', '21:04:00', NULL, 'BJQ7Q63', NULL, 8, NULL, 'F'),
(65, '2022-09-21', '2022-09-21', '14:28:00', '20:27:00', NULL, 'FOC9F94', NULL, 8, NULL, 'F'),
(66, '2022-09-21', '2022-09-21', '16:28:00', '21:32:00', NULL, 'TGE8538', NULL, 8, NULL, 'F'),
(67, '2022-09-21', '2022-09-21', '19:58:00', '20:34:00', NULL, 'FVQ5865', NULL, 8, NULL, 'F'),
(68, '2022-09-21', '2022-09-21', '16:49:00', '21:21:00', NULL, 'KNB9917', NULL, 8, NULL, 'F'),
(69, '2022-09-21', '2022-09-21', '17:06:00', '18:36:00', NULL, 'DHZ5988', NULL, 8, NULL, 'F'),
(70, '2022-09-21', '2022-09-21', '14:53:00', '21:03:00', NULL, 'SXY8558', NULL, 8, NULL, 'F'),
(71, '2022-09-21', '2022-09-21', '18:59:00', '19:33:00', NULL, 'HIT9X93', NULL, 8, NULL, 'F'),
(72, '2022-09-21', '2022-09-21', '12:28:00', '17:47:00', NULL, 'UNT1K22', NULL, 8, NULL, 'F'),
(73, '2022-09-21', '2022-09-21', '10:41:00', '13:02:00', NULL, 'LNB1R33', NULL, 8, NULL, 'F'),
(74, '2022-09-21', '2022-09-21', '15:26:00', '20:56:00', NULL, 'UJP6I31', NULL, 8, NULL, 'F'),
(75, '2022-09-21', '2022-09-21', '14:42:00', '17:12:00', NULL, 'UJM7413', NULL, 8, NULL, 'F'),
(76, '2022-09-21', '2022-09-21', '19:22:00', '20:36:00', NULL, 'XDG3R77', NULL, 8, NULL, 'F'),
(77, '2022-09-21', '2022-09-21', '19:28:00', '21:27:00', NULL, 'FNO8W56', NULL, 8, NULL, 'F'),
(78, '2022-09-21', '2022-09-21', '15:16:00', '19:44:00', NULL, 'NQD9W61', NULL, 8, NULL, 'F'),
(79, '2022-09-21', '2022-09-21', '12:43:00', '14:10:00', NULL, 'NWM2G11', NULL, 8, NULL, 'F'),
(80, '2022-09-21', '2022-09-21', '13:44:00', '16:51:00', NULL, 'OUB5S57', NULL, 8, NULL, 'F'),
(81, '2022-09-21', '2022-09-21', '18:22:00', '19:43:00', NULL, 'UGS6E12', NULL, 8, NULL, 'F'),
(82, '2022-09-21', '2022-09-21', '18:29:00', '21:49:00', NULL, 'VJJ1W92', NULL, 8, NULL, 'F'),
(83, '2022-09-21', '2022-09-21', '19:30:00', '20:37:00', NULL, 'ESM1Q42', NULL, 8, NULL, 'F'),
(84, '2022-09-21', '2022-09-21', '10:48:00', '16:04:00', NULL, 'NRV9C38', NULL, 8, NULL, 'F'),
(85, '2022-09-21', '2022-09-21', '16:15:00', '21:01:00', NULL, 'SAD9N25', NULL, 8, NULL, 'F'),
(86, '2022-09-21', '2022-09-21', '15:30:00', '17:54:00', NULL, 'HWQ2D56', NULL, 8, NULL, 'F'),
(87, '2022-09-21', '2022-09-21', '11:32:00', '20:17:00', NULL, 'OUQ3736', NULL, 8, NULL, 'F'),
(88, '2022-09-21', '2022-09-21', '18:17:00', '19:43:00', NULL, 'EPH7Z51', NULL, 8, NULL, 'F'),
(89, '2022-09-21', '2022-09-21', '10:06:00', '14:02:00', NULL, 'VYT3R38', NULL, 8, NULL, 'F'),
(90, '2022-09-21', '2022-09-21', '16:11:00', '20:58:00', NULL, 'GCP7138', NULL, 8, NULL, 'F'),
(91, '2022-09-21', '2022-09-21', '16:53:00', '19:30:00', NULL, 'XZD9U31', NULL, 8, NULL, 'F'),
(92, '2022-09-21', '2022-09-21', '10:02:00', '21:19:00', NULL, 'ORD6O67', NULL, 8, NULL, 'F'),
(93, '2022-09-21', '2022-09-21', '08:48:00', '16:50:00', NULL, 'LRM7239', NULL, 8, NULL, 'F'),
(94, '2022-09-21', '2022-09-21', '13:47:00', '18:40:00', NULL, 'KFU7994', NULL, 8, NULL, 'F'),
(95, '2022-09-21', '2022-09-21', '11:15:00', '21:20:00', NULL, 'IAW8214', NULL, 8, NULL, 'F'),
(96, '2022-09-21', '2022-09-21', '08:05:00', '17:03:00', NULL, 'FCI8726', NULL, 8, NULL, 'F'),
(97, '2022-09-21', '2022-09-21', '09:13:00', '18:48:00', NULL, 'KZA6649', NULL, 8, NULL, 'F'),
(98, '2022-09-21', '2022-09-21', '10:51:00', '11:07:00', NULL, 'SVN7563', NULL, 8, NULL, 'F'),
(99, '2022-09-21', '2022-09-21', '08:49:00', '13:34:00', NULL, 'QEY4821', NULL, 8, NULL, 'F'),
(100, '2022-09-21', '2022-09-21', '17:28:00', '20:10:00', NULL, 'IQB4Q16', NULL, 8, NULL, 'F'),
(101, '2022-09-21', '2022-09-21', '17:10:00', '18:57:00', NULL, 'ZVV4B66', NULL, 8, NULL, 'F'),
(102, '2022-09-21', '2022-09-21', '18:19:00', '19:52:00', NULL, 'MBM6E27', NULL, 8, NULL, 'F'),
(103, '2022-09-21', '2022-09-21', '10:10:00', '18:11:00', NULL, 'KOH1116', NULL, 8, NULL, 'F'),
(104, '2022-09-21', '2022-09-21', '11:15:00', '14:35:00', NULL, 'WRE4F51', NULL, 8, NULL, 'F'),
(105, '2022-09-21', '2022-09-21', '11:15:00', '13:49:00', NULL, 'DYD8746', NULL, 8, NULL, 'F'),
(106, '2022-09-21', '2022-09-21', '14:43:00', '18:39:00', NULL, 'WHY5749', NULL, 8, NULL, 'F'),
(107, '2022-09-21', '2022-09-21', '12:10:00', '18:08:00', NULL, 'WHB2594', NULL, 8, NULL, 'F'),
(108, '2022-09-21', '2022-09-21', '17:02:00', '20:30:00', NULL, 'SCD6D39', NULL, 8, NULL, 'F'),
(109, '2022-09-21', '2022-09-21', '19:32:00', '21:41:00', NULL, 'MHU9F55', NULL, 8, NULL, 'F'),
(110, '2022-09-21', '2022-09-21', '12:13:00', '13:50:00', NULL, 'BLT7S79', NULL, 8, NULL, 'F'),
(111, '2022-09-21', '2022-09-21', '14:29:00', '16:37:00', NULL, 'NAY1315', NULL, 8, NULL, 'F'),
(112, '2022-09-21', '2022-09-21', '14:23:00', '15:02:00', NULL, 'UJG7I15', NULL, 8, NULL, 'F'),
(113, '2022-09-21', '2022-09-21', '19:41:00', '20:39:00', NULL, 'ZES6841', NULL, 8, NULL, 'F'),
(114, '2022-09-21', '2022-09-21', '13:07:00', '19:19:00', NULL, 'UST5K21', NULL, 8, NULL, 'F'),
(115, '2022-09-21', '2022-09-21', '11:11:00', '19:23:00', NULL, 'ADZ7489', NULL, 8, NULL, 'F'),
(116, '2022-09-22', '2022-09-22', '14:07:00', '15:41:00', NULL, 'NTB6U83', NULL, 8, NULL, 'F'),
(117, '2022-09-22', '2022-09-22', '09:46:00', '12:16:00', NULL, 'SFO4596', NULL, 8, NULL, 'F'),
(118, '2022-09-22', '2022-09-22', '09:06:00', '11:57:00', NULL, 'ZIM8F43', NULL, 8, NULL, 'F'),
(119, '2022-09-22', '2022-09-22', '13:33:00', '17:19:00', NULL, 'YLH4W89', NULL, 8, NULL, 'F'),
(120, '2022-09-22', '2022-09-22', '18:33:00', '21:51:00', NULL, 'SOY6D81', NULL, 8, NULL, 'F'),
(121, '2022-09-22', '2022-09-22', '10:47:00', '21:52:00', NULL, 'SGM6778', NULL, 8, NULL, 'F'),
(122, '2022-09-22', '2022-09-22', '11:12:00', '16:40:00', NULL, 'FCT4S53', NULL, 8, NULL, 'F'),
(123, '2022-09-22', '2022-09-22', '13:53:00', '17:51:00', NULL, 'PVX1V61', NULL, 8, NULL, 'F'),
(124, '2022-09-22', '2022-09-22', '16:44:00', '21:55:00', NULL, 'FBQ8492', NULL, 8, NULL, 'F'),
(125, '2022-09-22', '2022-09-22', '13:08:00', '17:39:00', NULL, 'YJK7741', NULL, 8, NULL, 'F'),
(126, '2022-09-22', '2022-09-22', '13:54:00', '14:56:00', NULL, 'UTT9565', NULL, 8, NULL, 'F'),
(127, '2022-09-22', '2022-09-22', '08:46:00', '10:28:00', NULL, 'AFD6113', NULL, 8, NULL, 'F'),
(128, '2022-09-22', '2022-09-22', '14:01:00', '19:26:00', NULL, 'XNU8345', NULL, 8, NULL, 'F'),
(129, '2022-09-22', '2022-09-22', '12:06:00', '16:14:00', NULL, 'JSD8H57', NULL, 8, NULL, 'F'),
(130, '2022-09-22', '2022-09-22', '19:20:00', '20:43:00', NULL, 'TNK3566', NULL, 8, NULL, 'F'),
(131, '2022-09-22', '2022-09-22', '10:07:00', '20:01:00', NULL, 'EAE8493', NULL, 8, NULL, 'F'),
(132, '2022-09-22', '2022-09-22', '13:30:00', '19:36:00', NULL, 'HYD9Z75', NULL, 8, NULL, 'F'),
(133, '2022-09-22', '2022-09-22', '15:41:00', '17:08:00', NULL, 'QZT7526', NULL, 8, NULL, 'F'),
(134, '2022-09-22', '2022-09-22', '16:29:00', '21:03:00', NULL, 'LFC2128', NULL, 8, NULL, 'F'),
(135, '2022-09-22', '2022-09-22', '14:01:00', '17:15:00', NULL, 'RWW2L75', NULL, 8, NULL, 'F'),
(136, '2022-09-22', '2022-09-22', '19:04:00', '20:43:00', NULL, 'RPA8O54', NULL, 8, NULL, 'F'),
(137, '2022-09-22', '2022-09-22', '14:07:00', '15:58:00', NULL, 'NAD9953', NULL, 8, NULL, 'F'),
(138, '2022-09-22', '2022-09-22', '11:57:00', '17:46:00', NULL, 'LDS3Q83', NULL, 8, NULL, 'F'),
(139, '2022-09-22', '2022-09-22', '16:32:00', '19:11:00', NULL, 'EKK4I49', NULL, 8, NULL, 'F'),
(140, '2022-09-22', '2022-09-22', '17:49:00', '19:18:00', NULL, 'SWM2K53', NULL, 8, NULL, 'F'),
(141, '2022-09-22', '2022-09-22', '11:03:00', '15:50:00', NULL, 'JRF8A46', NULL, 8, NULL, 'F'),
(142, '2022-09-22', '2022-09-22', '09:26:00', '19:15:00', NULL, 'CIX9R81', NULL, 8, NULL, 'F'),
(143, '2022-09-22', '2022-09-22', '19:53:00', '20:18:00', NULL, 'POM5X76', NULL, 8, NULL, 'F'),
(144, '2022-09-22', '2022-09-22', '10:38:00', '11:21:00', NULL, 'QNB9M68', NULL, 8, NULL, 'F'),
(145, '2022-09-22', '2022-09-22', '11:10:00', '15:21:00', NULL, 'GOD6B41', NULL, 8, NULL, 'F'),
(146, '2022-09-22', '2022-09-22', '16:43:00', '18:42:00', NULL, 'QBE3S65', NULL, 8, NULL, 'F'),
(147, '2022-09-22', '2022-09-22', '08:36:00', '17:29:00', NULL, 'PCY9656', NULL, 8, NULL, 'F'),
(148, '2022-09-22', '2022-09-22', '12:45:00', '15:33:00', NULL, 'AOZ5143', NULL, 8, NULL, 'F'),
(149, '2022-09-22', '2022-09-22', '09:53:00', '11:31:00', NULL, 'WLT7926', NULL, 8, NULL, 'F'),
(150, '2022-09-22', '2022-09-22', '17:29:00', '19:21:00', NULL, 'STS1L23', NULL, 8, NULL, 'F'),
(151, '2022-09-22', '2022-09-22', '09:36:00', '21:20:00', NULL, 'KTD3832', NULL, 8, NULL, 'F'),
(152, '2022-09-22', '2022-09-22', '16:46:00', '19:59:00', NULL, 'LQP7541', NULL, 8, NULL, 'F'),
(153, '2022-09-22', '2022-09-22', '18:44:00', '19:55:00', NULL, 'GUV9794', NULL, 8, NULL, 'F'),
(154, '2022-09-22', '2022-09-22', '12:26:00', '16:50:00', NULL, 'YWF2884', NULL, 8, NULL, 'F'),
(155, '2022-09-22', '2022-09-22', '18:54:00', '20:52:00', NULL, 'IWN3829', NULL, 8, NULL, 'F'),
(156, '2022-09-22', '2022-09-22', '13:48:00', '16:21:00', NULL, 'MCO7551', NULL, 8, NULL, 'F'),
(157, '2022-09-22', '2022-09-22', '11:11:00', '14:55:00', NULL, 'BIB2257', NULL, 8, NULL, 'F'),
(158, '2022-09-22', '2022-09-22', '12:50:00', '13:37:00', NULL, 'RQV6Z77', NULL, 8, NULL, 'F'),
(159, '2022-09-22', '2022-09-22', '17:33:00', '20:11:00', NULL, 'AHK2H14', NULL, 8, NULL, 'F'),
(160, '2022-09-22', '2022-09-22', '17:30:00', '18:14:00', NULL, 'ZZT6125', NULL, 8, NULL, 'F'),
(161, '2022-09-22', '2022-09-22', '14:31:00', '18:13:00', NULL, 'BLC6616', NULL, 8, NULL, 'F'),
(162, '2022-09-22', '2022-09-22', '10:14:00', '19:30:00', NULL, 'PNE9419', NULL, 8, NULL, 'F'),
(163, '2022-09-22', '2022-09-22', '16:06:00', '19:55:00', NULL, 'QQG5563', NULL, 8, NULL, 'F'),
(164, '2022-09-22', '2022-09-22', '18:17:00', '20:16:00', NULL, 'SGV3Y89', NULL, 8, NULL, 'F'),
(165, '2022-09-22', '2022-09-22', '11:41:00', '21:32:00', NULL, 'MNN5543', NULL, 8, NULL, 'F'),
(166, '2022-09-25', '2022-09-25', '14:00:00', '16:00:00', NULL, 'HGH5645', NULL, 7, NULL, 'F'),
(167, '2022-09-26', '2022-09-26', '10:00:00', '12:05:00', 2, 'SDF5654', NULL, 8, NULL, 'F'),
(170, '2022-09-28', '2022-09-28', '08:10:00', '10:30:00', 1, 'FGH4345', NULL, 8, 1, 'F'),
(171, '2022-09-26', '2022-09-26', '12:15:00', '15:45:00', 2, 'FGD4343', NULL, 8, 3, 'F'),
(172, '2022-09-27', '2022-09-27', '14:42:00', '16:00:00', NULL, 'DFG4345', NULL, 8, NULL, 'F'),
(175, '2022-09-27', '2022-09-27', '12:00:00', '13:00:00', NULL, 'FGG4565', NULL, 7, NULL, 'F'),
(176, '2022-09-30', '2022-09-30', '09:50:00', '10:00:00', 3, 'DFG4556', NULL, 8, 8, 'F'),
(177, '2022-09-27', '2022-09-27', '12:11:00', '15:00:00', 1, 'FGD5434', NULL, 7, 2, 'F'),
(178, '2022-09-30', '2022-09-30', '08:15:00', '11:30:00', 1, 'FGG5564', NULL, 8, 10, 'F'),
(179, '2022-09-30', '2022-09-30', '13:30:00', '16:00:00', 3, 'DFG6556', NULL, 8, 9, 'F'),
(180, '2022-09-29', '2022-09-29', '14:31:00', '17:00:00', NULL, 'DFG4456', NULL, 8, NULL, 'F'),
(181, '2022-09-30', '2022-09-30', '09:18:00', '11:22:00', 2, 'FDG4554', NULL, 8, 12, 'F'),
(182, '2022-09-30', '2022-09-30', '09:55:00', '12:00:00', 1, 'JHG6567', NULL, 7, NULL, 'F'),
(183, '2022-09-29', '2022-09-29', '14:31:00', '17:15:00', NULL, 'FGH5R45', NULL, 7, NULL, 'F'),
(184, '2022-09-30', '2022-09-30', '19:30:00', '21:00:00', 1, 'GTY6454', NULL, 8, 11, 'F'),
(185, '2022-10-01', '2022-10-01', '09:13:00', '12:23:00', 1, 'DFS5545', NULL, 8, 13, 'F'),
(186, '2022-10-01', '2022-10-01', '09:00:00', '11:15:00', NULL, 'FGD3454', NULL, 7, NULL, 'F'),
(187, '2022-10-03', '2022-10-03', '09:55:00', '12:06:00', 1, 'DFG4453', NULL, 8, 14, 'F'),
(188, '2022-10-11', '2022-10-11', '08:09:00', '14:57:00', NULL, 'TCL2E94', NULL, 8, NULL, 'F'),
(189, '2022-10-11', '2022-10-11', '09:42:00', '20:07:00', NULL, 'OKD1223', NULL, 8, NULL, 'F'),
(190, '2022-10-11', '2022-10-11', '12:41:00', '13:32:00', NULL, 'RTB5573', NULL, 8, NULL, 'F'),
(191, '2022-10-11', '2022-10-11', '16:11:00', '19:23:00', NULL, 'SCD8586', NULL, 8, NULL, 'F'),
(192, '2022-10-11', '2022-10-11', '16:29:00', '21:50:00', NULL, 'UXV1N14', NULL, 8, NULL, 'F'),
(193, '2022-10-11', '2022-10-11', '16:34:00', '19:15:00', NULL, 'YFU3646', NULL, 8, NULL, 'F'),
(194, '2022-10-11', '2022-10-11', '08:46:00', '19:38:00', NULL, 'QQI1V85', NULL, 8, NULL, 'F'),
(195, '2022-10-11', '2022-10-11', '19:39:00', '20:13:00', NULL, 'VIU5914', NULL, 8, NULL, 'F'),
(196, '2022-10-11', '2022-10-11', '08:03:00', '21:34:00', NULL, 'EGL2145', NULL, 8, NULL, 'F'),
(197, '2022-10-11', '2022-10-11', '17:25:00', '18:47:00', NULL, 'JMC7631', NULL, 8, NULL, 'F'),
(198, '2022-10-11', '2022-10-11', '13:32:00', '19:57:00', NULL, 'OMO7915', NULL, 8, NULL, 'F'),
(199, '2022-10-11', '2022-10-11', '19:06:00', '21:35:00', NULL, 'AXD5N59', NULL, 8, NULL, 'F'),
(200, '2022-10-11', '2022-10-11', '18:36:00', '20:42:00', NULL, 'RYR6J95', NULL, 8, NULL, 'F'),
(201, '2022-10-11', '2022-10-11', '13:48:00', '17:14:00', NULL, 'SXL4997', NULL, 8, NULL, 'F'),
(202, '2022-10-11', '2022-10-11', '16:54:00', '19:20:00', NULL, 'QJO5618', NULL, 8, NULL, 'F'),
(203, '2022-10-11', '2022-10-11', '16:48:00', '19:42:00', NULL, 'QJH2871', NULL, 8, NULL, 'F'),
(204, '2022-10-11', '2022-10-11', '12:58:00', '19:42:00', NULL, 'BEU5437', NULL, 8, NULL, 'F'),
(205, '2022-10-11', '2022-10-11', '16:31:00', '21:19:00', NULL, 'QUY2K43', NULL, 8, NULL, 'F'),
(206, '2022-10-11', '2022-10-11', '08:43:00', '12:34:00', NULL, 'VVM1355', NULL, 8, NULL, 'F'),
(207, '2022-10-11', '2022-10-11', '13:04:00', '20:31:00', NULL, 'EOB1Q18', NULL, 8, NULL, 'F'),
(208, '2022-10-11', '2022-10-11', '19:19:00', '20:13:00', NULL, 'XNM4A91', NULL, 8, NULL, 'F'),
(209, '2022-10-11', '2022-10-11', '16:35:00', '17:48:00', NULL, 'MHO8B65', NULL, 8, NULL, 'F'),
(210, '2022-10-11', '2022-10-11', '17:02:00', '20:54:00', NULL, 'RHN4828', NULL, 8, NULL, 'F'),
(211, '2022-10-11', '2022-10-11', '16:02:00', '19:45:00', NULL, 'LAH2A66', NULL, 8, NULL, 'F'),
(212, '2022-10-11', '2022-10-11', '12:07:00', '18:55:00', NULL, 'XNA5292', NULL, 8, NULL, 'F'),
(213, '2022-10-11', '2022-10-11', '14:20:00', '21:36:00', NULL, 'AOC4J23', NULL, 8, NULL, 'F'),
(214, '2022-10-11', '2022-10-11', '08:01:00', '10:48:00', NULL, 'ZMH2R41', NULL, 8, NULL, 'F'),
(215, '2022-10-11', '2022-10-11', '12:36:00', '15:18:00', NULL, 'OEZ3K42', NULL, 8, NULL, 'F'),
(216, '2022-10-11', '2022-10-11', '15:56:00', '19:13:00', NULL, 'IIG9375', NULL, 8, NULL, 'F'),
(217, '2022-10-11', '2022-10-11', '09:55:00', '21:46:00', NULL, 'SWY2216', NULL, 8, NULL, 'F'),
(218, '2022-10-11', '2022-10-11', '15:40:00', '21:47:00', NULL, 'PLV3851', NULL, 8, NULL, 'F'),
(219, '2022-10-11', '2022-10-11', '17:12:00', '19:51:00', NULL, 'LDA6373', NULL, 8, NULL, 'F'),
(220, '2022-10-11', '2022-10-11', '08:27:00', '09:06:00', NULL, 'XOD4648', NULL, 8, NULL, 'F'),
(221, '2022-10-11', '2022-10-11', '13:29:00', '14:33:00', NULL, 'FFH8544', NULL, 8, NULL, 'F'),
(222, '2022-10-11', '2022-10-11', '14:01:00', '15:27:00', NULL, 'PNF2219', NULL, 8, NULL, 'F'),
(223, '2022-10-11', '2022-10-11', '17:48:00', '18:41:00', NULL, 'LCB6621', NULL, 8, NULL, 'F'),
(224, '2022-10-11', '2022-10-11', '09:11:00', '20:27:00', NULL, 'USH8823', NULL, 8, NULL, 'F'),
(225, '2022-10-11', '2022-10-11', '09:56:00', '16:46:00', NULL, 'YIW6O25', NULL, 8, NULL, 'F'),
(226, '2022-10-11', '2022-10-11', '17:11:00', '20:18:00', NULL, 'UEX2633', NULL, 8, NULL, 'F'),
(227, '2022-10-11', '2022-10-11', '09:16:00', '12:47:00', NULL, 'SVI5177', NULL, 8, NULL, 'F'),
(228, '2022-10-11', '2022-10-11', '17:45:00', '21:29:00', NULL, 'UGW9R83', NULL, 8, NULL, 'F'),
(229, '2022-10-11', '2022-10-11', '13:11:00', '16:58:00', NULL, 'BIE9381', NULL, 8, NULL, 'F'),
(230, '2022-10-11', '2022-10-11', '15:14:00', '16:23:00', NULL, 'VDG8T43', NULL, 8, NULL, 'F'),
(231, '2022-10-11', '2022-10-11', '11:08:00', '13:24:00', NULL, 'AXR6342', NULL, 8, NULL, 'F'),
(232, '2022-10-11', '2022-10-11', '11:59:00', '12:32:00', NULL, 'ODY2958', NULL, 8, NULL, 'F'),
(233, '2022-10-11', '2022-10-11', '14:49:00', '21:58:00', NULL, 'QUG3545', NULL, 8, NULL, 'F'),
(234, '2022-10-11', '2022-10-11', '15:04:00', '20:36:00', NULL, 'EMC9H76', NULL, 8, NULL, 'F'),
(235, '2022-10-11', '2022-10-11', '10:07:00', '11:08:00', NULL, 'CAM3M41', NULL, 8, NULL, 'F'),
(236, '2022-10-11', '2022-10-11', '15:05:00', '17:06:00', NULL, 'VVJ1382', NULL, 8, NULL, 'F'),
(237, '2022-10-11', '2022-10-11', '13:40:00', '17:16:00', NULL, 'EVG7239', NULL, 8, NULL, 'F'),
(238, '2022-10-11', '2022-10-11', '10:45:00', '18:39:00', NULL, 'VSH1113', NULL, 8, NULL, 'F'),
(239, '2022-10-11', '2022-10-11', '14:29:00', '21:11:00', NULL, 'DZT9741', NULL, 8, NULL, 'F'),
(240, '2022-10-11', '2022-10-11', '15:18:00', '18:47:00', NULL, 'YXF2497', NULL, 8, NULL, 'F'),
(241, '2022-10-11', '2022-10-11', '11:01:00', '12:30:00', NULL, 'QXH3248', NULL, 8, NULL, 'F'),
(242, '2022-10-11', '2022-10-11', '16:22:00', '17:54:00', NULL, 'ZEK9U26', NULL, 8, NULL, 'F'),
(243, '2022-10-11', '2022-10-11', '09:47:00', '20:30:00', NULL, 'PVO4C27', NULL, 8, NULL, 'F'),
(244, '2022-10-11', '2022-10-11', '17:03:00', '18:23:00', NULL, 'IPH1H18', NULL, 8, NULL, 'F'),
(245, '2022-10-11', '2022-10-11', '16:22:00', '17:34:00', NULL, 'PJB2E22', NULL, 8, NULL, 'F'),
(246, '2022-10-11', '2022-10-11', '10:12:00', '19:46:00', NULL, 'VZM6114', NULL, 8, NULL, 'F'),
(247, '2022-10-11', '2022-10-11', '11:58:00', '15:53:00', NULL, 'WEY3335', NULL, 8, NULL, 'F'),
(248, '2022-10-11', '2022-10-11', '11:30:00', '16:32:00', NULL, 'SWT4822', NULL, 8, NULL, 'F'),
(249, '2022-10-11', '2022-10-11', '13:07:00', '16:01:00', NULL, 'RMH5836', NULL, 8, NULL, 'F'),
(250, '2022-10-11', '2022-10-11', '17:45:00', '21:01:00', NULL, 'BVP7M51', NULL, 8, NULL, 'F'),
(251, '2022-10-11', '2022-10-11', '15:23:00', '16:37:00', NULL, 'LHT9791', NULL, 8, NULL, 'F'),
(252, '2022-10-11', '2022-10-11', '16:09:00', '20:08:00', NULL, 'GAC5Q64', NULL, 8, NULL, 'F'),
(253, '2022-10-11', '2022-10-11', '12:09:00', '15:13:00', NULL, 'ADL3354', NULL, 8, NULL, 'F'),
(254, '2022-10-11', '2022-10-11', '10:54:00', '12:52:00', NULL, 'PMV7Y87', NULL, 8, NULL, 'F'),
(255, '2022-10-11', '2022-10-11', '18:57:00', '19:18:00', NULL, 'YGU4K94', NULL, 8, NULL, 'F'),
(256, '2022-10-11', '2022-10-11', '08:52:00', '13:49:00', NULL, 'PEF9K23', NULL, 8, NULL, 'F'),
(258, '2022-10-13', '2022-10-13', '17:25:00', '19:01:00', NULL, 'GJT7M12', NULL, 8, NULL, 'F'),
(259, '2022-10-13', '2022-10-13', '12:16:00', '13:55:00', NULL, 'YFA2J15', NULL, 8, NULL, 'F'),
(260, '2022-10-13', '2022-10-13', '18:08:00', '21:54:00', NULL, 'LRB3796', NULL, 8, NULL, 'F'),
(261, '2022-10-13', '2022-10-13', '09:51:00', '20:40:00', NULL, 'FYG5111', NULL, 8, NULL, 'F'),
(262, '2022-10-13', '2022-10-13', '12:57:00', '20:45:00', NULL, 'UYW1C74', NULL, 8, NULL, 'F'),
(263, '2022-10-13', '2022-10-13', '19:16:00', '20:30:00', NULL, 'MVO9181', NULL, 8, NULL, 'F'),
(264, '2022-10-13', '2022-10-13', '12:39:00', '16:12:00', NULL, 'RLL2V67', NULL, 8, NULL, 'F'),
(265, '2022-10-13', '2022-10-13', '18:39:00', '19:52:00', NULL, 'NNV5654', NULL, 8, NULL, 'F'),
(266, '2022-10-13', '2022-10-13', '19:10:00', '20:59:00', NULL, 'WIO6S65', NULL, 8, NULL, 'F'),
(267, '2022-10-13', '2022-10-13', '08:09:00', '16:45:00', NULL, 'NHW1414', NULL, 8, NULL, 'F');

--
-- Extraindo dados da tabela `formapagamento`
--

INSERT INTO `formapagamento` (`FormaPagamentoId`, `Descricao`) VALUES
(1, 'Pix'),
(2, 'Dinheiro'),
(3, 'Cartão de Débito'),
(4, 'Cartão de Crédito'),
(5, 'Online');

--
-- Extraindo dados da tabela `fotoestacionamento`
--

INSERT INTO `fotoestacionamento` (`FotoEstacionamentoId`, `EstacionamentoId`, `UrlFoto`) VALUES
(10, 2, '/estacionamentos/2524975640024223631202209152256.PNG'),
(11, 7, '/estacionamentos/3018677628477373060202209221410.PNG'),
(12, 8, '/estacionamentos/135988858811098332202210122227.jpg'),
(13, 1, '/estacionamentos/177512164840148336202210122228.jpg'),
(15, 3, '/estacionamentos/660121618955361000202210122230.jpg'),
(16, 9, '/estacionamentos/1179740254869119612202210122232.jpg'),
(17, 10, '/estacionamentos/1455789700830310895202210122234.PNG');

--
-- Extraindo dados da tabela `login`
--

INSERT INTO `login` (`LoginId`, `Email`, `NomeUsuario`, `Senha`, `CadastroId`, `EmpresaId`, `EstacionamentoId`, `PermissaoId`, `TokenEmail`, `Status`) VALUES
(1, 'rotativos.joao@teste.com', 'rotativos.joao', '25d55ad283aa400af464c76d713c07ad', NULL, NULL, 1, 2, NULL, 'A'),
(12, 'aguiar.estacionamentos@teste.com', 'aguiar.estacionamentos', '25d55ad283aa400af464c76d713c07ad', NULL, NULL, 2, 2, NULL, 'A'),
(15, 'ze.rotativos@gmail.com', 'ze.rotativos', '25d55ad283aa400af464c76d713c07ad', NULL, NULL, 7, 2, NULL, 'A'),
(16, 'caroldosreis97@gmail.com', 'carolaine.zerotativos', '25d55ad283aa400af464c76d713c07ad', NULL, NULL, 7, 3, NULL, 'A'),
(17, 'adm.software.rotativos@gmail.com', 'adm.software', '25d55ad283aa400af464c76d713c07ad', NULL, 7, NULL, 1, NULL, 'A'),
(18, 'maria.rotativos@teste.com', 'maria.rotativos', '25d55ad283aa400af464c76d713c07ad', NULL, NULL, 9, 2, NULL, 'A'),
(19, 'luiz.rotativos@gmail.com', 'luiz.rotativos', '25d55ad283aa400af464c76d713c07ad', NULL, NULL, 10, 2, NULL, 'A');

--
-- Extraindo dados da tabela `permissao`
--

INSERT INTO `permissao` (`PermissaoId`, `Descricao`) VALUES
(1, 'Administrador do Software'),
(2, 'Empresas de Rotativos (Permissão Total)'),
(3, 'Empresas de Rotativos (Permissão Restringida)'),
(4, 'Clientes de Empresas de Rotativos');

--
-- Extraindo dados da tabela `receber`
--

INSERT INTO `receber` (`ReceberId`, `FormaPagamentoId`, `CadastroId`, `FluxoVagaId`, `ReservaId`, `CarteiraId`, `Valor`, `Status`) VALUES
(1, 2, NULL, 1, NULL, NULL, '8.00', 'F'),
(2, 3, NULL, 2, NULL, NULL, '10.00', 'F'),
(3, 4, NULL, 3, NULL, NULL, '4.00', 'F'),
(4, 2, NULL, 4, NULL, NULL, '20.00', 'F'),
(5, 1, NULL, 5, NULL, NULL, '11.25', 'F'),
(6, 4, NULL, 8, NULL, NULL, '2.92', 'F'),
(7, 1, NULL, 9, NULL, NULL, '13.08', 'F'),
(8, 3, NULL, 10, NULL, NULL, '18.67', 'F'),
(9, 2, NULL, 11, NULL, NULL, '18.67', 'F'),
(10, 3, NULL, 12, NULL, NULL, '18.08', 'F'),
(11, 3, NULL, 13, NULL, NULL, '18.92', 'F'),
(12, 4, NULL, 14, NULL, NULL, '3.92', 'F'),
(13, 2, NULL, 15, NULL, NULL, '7.53', 'F'),
(14, 2, NULL, 6, NULL, NULL, '10.75', 'F'),
(15, 1, NULL, 7, NULL, NULL, '5.92', 'F'),
(16, 3, NULL, 16, NULL, NULL, '8.00', 'F'),
(17, 1, NULL, 17, NULL, NULL, '8.00', 'F'),
(18, 2, NULL, 18, NULL, NULL, '8.00', 'F'),
(19, 2, NULL, 19, NULL, NULL, '5.27', 'F'),
(20, 4, NULL, 20, NULL, NULL, '8.00', 'F'),
(21, 4, NULL, 21, NULL, NULL, '8.00', 'F'),
(22, 4, NULL, 22, NULL, NULL, '8.00', 'F'),
(23, 3, NULL, 23, NULL, NULL, '8.00', 'F'),
(24, 1, NULL, 24, NULL, NULL, '8.00', 'F'),
(25, 4, NULL, 25, NULL, NULL, '8.00', 'F'),
(26, 3, NULL, 26, NULL, NULL, '3.33', 'F'),
(27, 3, NULL, 27, NULL, NULL, '8.00', 'F'),
(28, 2, NULL, 28, NULL, NULL, '8.00', 'F'),
(29, 1, NULL, 29, NULL, NULL, '7.20', 'F'),
(30, 4, NULL, 30, NULL, NULL, '8.00', 'F'),
(31, 3, NULL, 31, NULL, NULL, '8.00', 'F'),
(32, 3, NULL, 32, NULL, NULL, '4.33', 'F'),
(33, 4, NULL, 33, NULL, NULL, '4.27', 'F'),
(34, 4, NULL, 34, NULL, NULL, '7.80', 'F'),
(35, 4, NULL, 35, NULL, NULL, '8.00', 'F'),
(36, 3, NULL, 36, NULL, NULL, '8.00', 'F'),
(37, 2, NULL, 37, NULL, NULL, '7.33', 'F'),
(38, 1, NULL, 38, NULL, NULL, '8.00', 'F'),
(39, 2, NULL, 39, NULL, NULL, '8.00', 'F'),
(40, 4, NULL, 40, NULL, NULL, '8.00', 'F'),
(41, 1, NULL, 41, NULL, NULL, '8.00', 'F'),
(42, 2, NULL, 42, NULL, NULL, '8.00', 'F'),
(43, 3, NULL, 43, NULL, NULL, '8.00', 'F'),
(44, 3, NULL, 44, NULL, NULL, '3.67', 'F'),
(45, 3, NULL, 45, NULL, NULL, '8.00', 'F'),
(46, 4, NULL, 46, NULL, NULL, '8.00', 'F'),
(47, 2, NULL, 47, NULL, NULL, '8.00', 'F'),
(48, 4, NULL, 48, NULL, NULL, '8.00', 'F'),
(49, 4, NULL, 49, NULL, NULL, '2.73', 'F'),
(50, 2, NULL, 50, NULL, NULL, '8.00', 'F'),
(51, 3, NULL, 51, NULL, NULL, '6.67', 'F'),
(52, 3, NULL, 52, NULL, NULL, '8.00', 'F'),
(53, 1, NULL, 53, NULL, NULL, '8.00', 'F'),
(54, 3, NULL, 54, NULL, NULL, '8.00', 'F'),
(55, 3, NULL, 55, NULL, NULL, '8.00', 'F'),
(56, 4, NULL, 56, NULL, NULL, '1.60', 'F'),
(57, 2, NULL, 57, NULL, NULL, '8.00', 'F'),
(58, 2, NULL, 58, NULL, NULL, '8.00', 'F'),
(59, 2, NULL, 59, NULL, NULL, '2.53', 'F'),
(60, 2, NULL, 60, NULL, NULL, '8.00', 'F'),
(61, 3, NULL, 61, NULL, NULL, '8.00', 'F'),
(62, 3, NULL, 62, NULL, NULL, '8.00', 'F'),
(63, 3, NULL, 63, NULL, NULL, '8.00', 'F'),
(64, 2, NULL, 64, NULL, NULL, '8.00', 'F'),
(65, 1, NULL, 65, NULL, NULL, '8.00', 'F'),
(66, 2, NULL, 66, NULL, NULL, '8.00', 'F'),
(67, 1, NULL, 67, NULL, NULL, '2.40', 'F'),
(68, 4, NULL, 68, NULL, NULL, '8.00', 'F'),
(69, 1, NULL, 69, NULL, NULL, '6.00', 'F'),
(70, 3, NULL, 70, NULL, NULL, '8.00', 'F'),
(71, 4, NULL, 71, NULL, NULL, '2.27', 'F'),
(72, 4, NULL, 72, NULL, NULL, '8.00', 'F'),
(73, 3, NULL, 73, NULL, NULL, '8.00', 'F'),
(74, 3, NULL, 74, NULL, NULL, '8.00', 'F'),
(75, 2, NULL, 75, NULL, NULL, '8.00', 'F'),
(76, 1, NULL, 76, NULL, NULL, '4.93', 'F'),
(77, 4, NULL, 77, NULL, NULL, '7.93', 'F'),
(78, 4, NULL, 78, NULL, NULL, '8.00', 'F'),
(79, 4, NULL, 79, NULL, NULL, '5.80', 'F'),
(80, 3, NULL, 80, NULL, NULL, '8.00', 'F'),
(81, 3, NULL, 81, NULL, NULL, '5.40', 'F'),
(82, 4, NULL, 82, NULL, NULL, '8.00', 'F'),
(83, 1, NULL, 83, NULL, NULL, '4.47', 'F'),
(84, 4, NULL, 84, NULL, NULL, '8.00', 'F'),
(85, 4, NULL, 85, NULL, NULL, '8.00', 'F'),
(86, 1, NULL, 86, NULL, NULL, '8.00', 'F'),
(87, 2, NULL, 87, NULL, NULL, '8.00', 'F'),
(88, 4, NULL, 88, NULL, NULL, '5.73', 'F'),
(89, 1, NULL, 89, NULL, NULL, '8.00', 'F'),
(90, 1, NULL, 90, NULL, NULL, '8.00', 'F'),
(91, 1, NULL, 91, NULL, NULL, '8.00', 'F'),
(92, 1, NULL, 92, NULL, NULL, '8.00', 'F'),
(93, 2, NULL, 93, NULL, NULL, '8.00', 'F'),
(94, 1, NULL, 94, NULL, NULL, '8.00', 'F'),
(95, 2, NULL, 95, NULL, NULL, '8.00', 'F'),
(96, 3, NULL, 96, NULL, NULL, '8.00', 'F'),
(97, 4, NULL, 97, NULL, NULL, '8.00', 'F'),
(98, 1, NULL, 98, NULL, NULL, '1.07', 'F'),
(99, 1, NULL, 99, NULL, NULL, '8.00', 'F'),
(100, 1, NULL, 100, NULL, NULL, '8.00', 'F'),
(101, 4, NULL, 101, NULL, NULL, '7.13', 'F'),
(102, 2, NULL, 102, NULL, NULL, '6.20', 'F'),
(103, 4, NULL, 103, NULL, NULL, '8.00', 'F'),
(104, 2, NULL, 104, NULL, NULL, '8.00', 'F'),
(105, 4, NULL, 105, NULL, NULL, '8.00', 'F'),
(106, 4, NULL, 106, NULL, NULL, '8.00', 'F'),
(107, 2, NULL, 107, NULL, NULL, '8.00', 'F'),
(108, 1, NULL, 108, NULL, NULL, '8.00', 'F'),
(109, 2, NULL, 109, NULL, NULL, '8.00', 'F'),
(110, 4, NULL, 110, NULL, NULL, '6.47', 'F'),
(111, 2, NULL, 111, NULL, NULL, '8.00', 'F'),
(112, 2, NULL, 112, NULL, NULL, '2.60', 'F'),
(113, 3, NULL, 113, NULL, NULL, '3.87', 'F'),
(114, 3, NULL, 114, NULL, NULL, '8.00', 'F'),
(115, 3, NULL, 115, NULL, NULL, '8.00', 'F'),
(116, 4, NULL, 116, NULL, NULL, '6.27', 'F'),
(117, 1, NULL, 117, NULL, NULL, '8.00', 'F'),
(118, 1, NULL, 118, NULL, NULL, '8.00', 'F'),
(119, 2, NULL, 119, NULL, NULL, '8.00', 'F'),
(120, 2, NULL, 120, NULL, NULL, '8.00', 'F'),
(121, 3, NULL, 121, NULL, NULL, '8.00', 'F'),
(122, 1, NULL, 122, NULL, NULL, '8.00', 'F'),
(123, 2, NULL, 123, NULL, NULL, '8.00', 'F'),
(124, 3, NULL, 124, NULL, NULL, '8.00', 'F'),
(125, 2, NULL, 125, NULL, NULL, '8.00', 'F'),
(126, 4, NULL, 126, NULL, NULL, '4.13', 'F'),
(127, 4, NULL, 127, NULL, NULL, '6.80', 'F'),
(128, 3, NULL, 128, NULL, NULL, '8.00', 'F'),
(129, 2, NULL, 129, NULL, NULL, '8.00', 'F'),
(130, 3, NULL, 130, NULL, NULL, '5.53', 'F'),
(131, 4, NULL, 131, NULL, NULL, '8.00', 'F'),
(132, 1, NULL, 132, NULL, NULL, '8.00', 'F'),
(133, 3, NULL, 133, NULL, NULL, '5.80', 'F'),
(134, 3, NULL, 134, NULL, NULL, '8.00', 'F'),
(135, 1, NULL, 135, NULL, NULL, '8.00', 'F'),
(136, 1, NULL, 136, NULL, NULL, '6.60', 'F'),
(137, 2, NULL, 137, NULL, NULL, '7.40', 'F'),
(138, 1, NULL, 138, NULL, NULL, '8.00', 'F'),
(139, 1, NULL, 139, NULL, NULL, '8.00', 'F'),
(140, 4, NULL, 140, NULL, NULL, '5.93', 'F'),
(141, 3, NULL, 141, NULL, NULL, '8.00', 'F'),
(142, 1, NULL, 142, NULL, NULL, '8.00', 'F'),
(143, 2, NULL, 143, NULL, NULL, '1.67', 'F'),
(144, 1, NULL, 144, NULL, NULL, '2.87', 'F'),
(145, 4, NULL, 145, NULL, NULL, '8.00', 'F'),
(146, 2, NULL, 146, NULL, NULL, '7.93', 'F'),
(147, 2, NULL, 147, NULL, NULL, '8.00', 'F'),
(148, 4, NULL, 148, NULL, NULL, '8.00', 'F'),
(149, 1, NULL, 149, NULL, NULL, '6.53', 'F'),
(150, 2, NULL, 150, NULL, NULL, '7.47', 'F'),
(151, 3, NULL, 151, NULL, NULL, '8.00', 'F'),
(152, 4, NULL, 152, NULL, NULL, '8.00', 'F'),
(153, 2, NULL, 153, NULL, NULL, '4.73', 'F'),
(154, 4, NULL, 154, NULL, NULL, '8.00', 'F'),
(155, 2, NULL, 155, NULL, NULL, '7.87', 'F'),
(156, 3, NULL, 156, NULL, NULL, '8.00', 'F'),
(157, 3, NULL, 157, NULL, NULL, '8.00', 'F'),
(158, 1, NULL, 158, NULL, NULL, '3.13', 'F'),
(159, 1, NULL, 159, NULL, NULL, '8.00', 'F'),
(160, 1, NULL, 160, NULL, NULL, '2.93', 'F'),
(161, 2, NULL, 161, NULL, NULL, '8.00', 'F'),
(162, 2, NULL, 162, NULL, NULL, '8.00', 'F'),
(163, 1, NULL, 163, NULL, NULL, '8.00', 'F'),
(164, 4, NULL, 164, NULL, NULL, '7.93', 'F'),
(165, 1, NULL, 165, NULL, NULL, '8.00', 'F'),
(166, 1, NULL, 167, NULL, NULL, '8.00', 'F'),
(167, 2, NULL, 166, NULL, NULL, '10.00', 'F'),
(168, 1, NULL, 170, NULL, NULL, '8.00', 'F'),
(169, 2, NULL, 171, NULL, NULL, '8.00', 'F'),
(170, 2, NULL, 172, NULL, NULL, '5.20', 'F'),
(171, 1, NULL, NULL, 8, NULL, '8.00', 'F'),
(172, 2, NULL, 175, NULL, NULL, '5.00', 'F'),
(173, 2, NULL, 177, NULL, NULL, '14.08', 'F'),
(174, 1, NULL, NULL, 10, NULL, '8.00', 'F'),
(175, 1, NULL, NULL, 9, NULL, '8.00', 'F'),
(176, 3, NULL, NULL, 11, NULL, '8.00', 'F'),
(177, 2, NULL, 180, NULL, NULL, '8.00', 'F'),
(178, 2, NULL, NULL, 13, NULL, '8.00', 'F'),
(179, 2, NULL, 181, NULL, NULL, '8.00', 'F'),
(180, 1, NULL, 182, NULL, NULL, '10.42', 'F'),
(181, 1, NULL, 183, NULL, NULL, '13.67', 'F'),
(182, 1, NULL, NULL, 14, NULL, '8.00', 'F'),
(183, 1, NULL, 186, NULL, NULL, '11.25', 'F'),
(184, 3, NULL, 188, NULL, NULL, '8.00', 'F'),
(185, 2, NULL, 189, NULL, NULL, '8.00', 'F'),
(186, 2, NULL, 190, NULL, NULL, '3.40', 'F'),
(187, 1, NULL, 191, NULL, NULL, '8.00', 'F'),
(188, 3, NULL, 192, NULL, NULL, '8.00', 'F'),
(189, 1, NULL, 193, NULL, NULL, '8.00', 'F'),
(190, 4, NULL, 194, NULL, NULL, '8.00', 'F'),
(191, 1, NULL, 195, NULL, NULL, '2.27', 'F'),
(192, 2, NULL, 196, NULL, NULL, '8.00', 'F'),
(193, 1, NULL, 197, NULL, NULL, '5.47', 'F'),
(194, 2, NULL, 198, NULL, NULL, '8.00', 'F'),
(195, 4, NULL, 199, NULL, NULL, '8.00', 'F'),
(196, 2, NULL, 200, NULL, NULL, '8.00', 'F'),
(197, 4, NULL, 201, NULL, NULL, '8.00', 'F'),
(198, 3, NULL, 202, NULL, NULL, '8.00', 'F'),
(199, 2, NULL, 203, NULL, NULL, '8.00', 'F'),
(200, 2, NULL, 204, NULL, NULL, '8.00', 'F'),
(201, 2, NULL, 205, NULL, NULL, '8.00', 'F'),
(202, 1, NULL, 206, NULL, NULL, '8.00', 'F'),
(203, 1, NULL, 207, NULL, NULL, '8.00', 'F'),
(204, 4, NULL, 208, NULL, NULL, '3.60', 'F'),
(205, 3, NULL, 209, NULL, NULL, '4.87', 'F'),
(206, 2, NULL, 210, NULL, NULL, '8.00', 'F'),
(207, 3, NULL, 211, NULL, NULL, '8.00', 'F'),
(208, 3, NULL, 212, NULL, NULL, '8.00', 'F'),
(209, 4, NULL, 213, NULL, NULL, '8.00', 'F'),
(210, 3, NULL, 214, NULL, NULL, '8.00', 'F'),
(211, 4, NULL, 215, NULL, NULL, '8.00', 'F'),
(212, 4, NULL, 216, NULL, NULL, '8.00', 'F'),
(213, 4, NULL, 217, NULL, NULL, '8.00', 'F'),
(214, 4, NULL, 218, NULL, NULL, '8.00', 'F'),
(215, 1, NULL, 219, NULL, NULL, '8.00', 'F'),
(216, 2, NULL, 220, NULL, NULL, '2.60', 'F'),
(217, 4, NULL, 221, NULL, NULL, '4.27', 'F'),
(218, 2, NULL, 222, NULL, NULL, '5.73', 'F'),
(219, 4, NULL, 223, NULL, NULL, '3.53', 'F'),
(220, 3, NULL, 224, NULL, NULL, '8.00', 'F'),
(221, 2, NULL, 225, NULL, NULL, '8.00', 'F'),
(222, 2, NULL, 226, NULL, NULL, '8.00', 'F'),
(223, 3, NULL, 227, NULL, NULL, '8.00', 'F'),
(224, 4, NULL, 228, NULL, NULL, '8.00', 'F'),
(225, 2, NULL, 229, NULL, NULL, '8.00', 'F'),
(226, 4, NULL, 230, NULL, NULL, '4.60', 'F'),
(227, 3, NULL, 231, NULL, NULL, '8.00', 'F'),
(228, 1, NULL, 232, NULL, NULL, '2.20', 'F'),
(229, 2, NULL, 233, NULL, NULL, '8.00', 'F'),
(230, 1, NULL, 234, NULL, NULL, '8.00', 'F'),
(231, 2, NULL, 235, NULL, NULL, '4.07', 'F'),
(232, 1, NULL, 236, NULL, NULL, '8.00', 'F'),
(233, 2, NULL, 237, NULL, NULL, '8.00', 'F'),
(234, 4, NULL, 238, NULL, NULL, '8.00', 'F'),
(235, 3, NULL, 239, NULL, NULL, '8.00', 'F'),
(236, 3, NULL, 240, NULL, NULL, '8.00', 'F'),
(237, 3, NULL, 241, NULL, NULL, '5.93', 'F'),
(238, 2, NULL, 242, NULL, NULL, '6.13', 'F'),
(239, 3, NULL, 243, NULL, NULL, '8.00', 'F'),
(240, 4, NULL, 244, NULL, NULL, '5.33', 'F'),
(241, 3, NULL, 245, NULL, NULL, '4.80', 'F'),
(242, 3, NULL, 246, NULL, NULL, '8.00', 'F'),
(243, 4, NULL, 247, NULL, NULL, '8.00', 'F'),
(244, 3, NULL, 248, NULL, NULL, '8.00', 'F'),
(245, 3, NULL, 249, NULL, NULL, '8.00', 'F'),
(246, 3, NULL, 250, NULL, NULL, '8.00', 'F'),
(247, 1, NULL, 253, NULL, NULL, '8.00', 'F'),
(248, 4, NULL, 254, NULL, NULL, '7.87', 'F'),
(249, 2, NULL, 256, NULL, NULL, '8.00', 'F'),
(250, 1, NULL, 251, NULL, NULL, '4.93', 'F'),
(251, 3, NULL, 255, NULL, NULL, '1.40', 'F'),
(252, 3, NULL, 252, NULL, NULL, '8.00', 'F'),
(253, 3, NULL, 263, NULL, NULL, '4.93', 'F'),
(254, 3, NULL, 266, NULL, NULL, '7.27', 'F'),
(255, 2, NULL, 265, NULL, NULL, '4.87', 'F'),
(256, 2, NULL, 260, NULL, NULL, '8.00', 'F'),
(257, 1, NULL, 258, NULL, NULL, '6.40', 'F'),
(258, 3, NULL, 262, NULL, NULL, '8.00', 'F'),
(259, 1, NULL, 264, NULL, NULL, '8.00', 'F'),
(260, 3, NULL, 259, NULL, NULL, '6.60', 'F'),
(261, 4, NULL, 261, NULL, NULL, '8.00', 'F'),
(262, 2, NULL, 267, NULL, NULL, '8.00', 'F');

--
-- Extraindo dados da tabela `receberempresa`
--

INSERT INTO `receberempresa` (`ReceberEmpresaId`, `FormaPagamentoId`, `EmpresaId`, `CarteiraId`, `Valor`, `DataPagamento`, `DataVencimento`, `Status`) VALUES
(1, 1, 5, NULL, '25.00', '2022-10-09', '2022-11-30', 'F'),
(2, 2, 1, NULL, '25.00', '2022-08-25', '2022-09-25', 'F'),
(3, 1, 2, NULL, '25.00', '2022-10-09', '2022-11-09', 'F'),
(4, 3, 4, NULL, '25.00', '2022-10-09', '2022-11-09', 'F'),
(5, 1, 1, NULL, '25.00', '2022-10-12', '2022-11-12', 'F');

--
-- Extraindo dados da tabela `reserva`
--

INSERT INTO `reserva` (`ReservaId`, `DataEntrada`, `DataSaida`, `HoraEntrada`, `HoraSaida`, `CadastroId`, `Observacao`, `EstacionamentoId`) VALUES
(1, '2022-09-28', '2022-09-28', '08:00:00', '10:00:00', 1, 'It was popularised in the 1960s with the release of Letraset sheets containing Lorem Ipsum passages, and more recently with desktop publishing software like Aldus PageMaker including versions of Lorem Ipsum.', 8),
(2, '2022-09-27', '2022-09-27', '12:00:00', '16:00:00', 1, NULL, 7),
(3, '2022-09-26', '2022-09-26', '12:00:00', '16:00:00', 2, NULL, 8),
(8, '2022-09-30', '2022-09-30', '10:00:00', '12:00:00', 3, NULL, 8),
(9, '2022-09-30', '2022-09-30', '14:00:00', '16:30:00', 3, 'It was popularised in the 1960s with the release of Letraset sheets containing Lorem Ipsum passages, and more recently with desktop publishing software like Aldus PageMaker including versions of Lorem Ipsum.', 8),
(10, '2022-09-30', '2022-09-30', '08:00:00', '12:00:00', 1, NULL, 8),
(11, '2022-09-30', '2022-09-30', '19:15:00', '21:15:00', 1, NULL, 8),
(12, '2022-09-30', '2022-09-30', '09:00:00', '12:00:00', 2, NULL, 8),
(13, '2022-10-01', '2022-10-01', '09:00:00', '11:00:00', 1, NULL, 8),
(14, '2022-10-03', '2022-10-03', '10:00:00', '12:00:00', 1, NULL, 8),
(15, '2022-10-18', '2022-10-18', '08:45:00', '09:45:00', 5, NULL, 8),
(16, '2022-10-18', '2022-10-18', '11:30:00', '16:30:00', 6, NULL, 8),
(17, '2022-10-18', '2022-10-18', '08:45:00', '09:45:00', 7, NULL, 8),
(18, '2022-10-18', '2022-10-18', '18:45:00', '20:30:00', 13, NULL, 8),
(19, '2022-10-18', '2022-10-18', '11:45:00', '19:45:00', 2, NULL, 8),
(20, '2022-10-18', '2022-10-18', '16:45:00', '18:45:00', 1, NULL, 8),
(21, '2022-10-18', '2022-10-18', '10:45:00', '13:30:00', 1, NULL, 8),
(22, '2022-10-18', '2022-10-18', '09:45:00', '13:30:00', 7, NULL, 8),
(23, '2022-10-18', '2022-10-18', '10:45:00', '13:45:00', 7, NULL, 8),
(24, '2022-10-18', '2022-10-18', '16:30:00', '20:30:00', 18, NULL, 8),
(25, '2022-10-18', '2022-10-18', '09:45:00', '13:00:00', 14, NULL, 8),
(26, '2022-10-18', '2022-10-18', '17:45:00', '19:45:00', 10, NULL, 8),
(27, '2022-10-18', '2022-10-18', '13:00:00', '21:00:00', 1, NULL, 8),
(28, '2022-10-18', '2022-10-18', '16:00:00', '17:45:00', 4, NULL, 8),
(29, '2022-10-18', '2022-10-18', '14:00:00', '19:00:00', 16, NULL, 8),
(30, '2022-10-18', '2022-10-18', '08:45:00', '18:30:00', 9, NULL, 8),
(31, '2022-10-18', '2022-10-18', '16:30:00', '19:45:00', 18, NULL, 8);
COMMIT;

/*!40101 SET CHARACTER_SET_CLIENT=@OLD_CHARACTER_SET_CLIENT */;
/*!40101 SET CHARACTER_SET_RESULTS=@OLD_CHARACTER_SET_RESULTS */;
/*!40101 SET COLLATION_CONNECTION=@OLD_COLLATION_CONNECTION */;
